project,session,started,role_n,role,turns,output_tokens,thinking_tokens,new_input_tokens,cache_read_tokens,billable_tokens
Developer-bugarach,74de1c4b-4a86-4e59-9bfe-d950aadd4d0a,2026-08-14T17:20:36.585Z,,,86,40362,20131,508764,9379755,565756
Developer-bugarach,74de1c4b-4a86-4e59-9bfe-d950aadd4d0a,2026-08-14T17:20:36.585Z,,,23,14864,7306,102605,672486,117515
Developer-bugarach,74de1c4b-4a86-4e59-9bfe-d950aadd4d0a,2026-08-14T17:20:36.585Z,,,59,41565,22785,303008,4738286,344691
Developer-bugarach,74de1c4b-4a86-4e59-9bfe-d950aadd4d0a,2026-08-14T17:20:36.585Z,,,33,34756,23470,157996,1110072,192818
Developer-bugarach,74de1c4b-4a86-4e59-9bfe-d950aadd4d0a,2026-08-14T17:20:36.585Z,,,37,18873,10636,231729,1540235,259436
Developer-bugarach,74de1c4b-4a86-4e59-9bfe-d950aadd4d0a,2026-08-14T17:20:36.585Z,,,54,21857,11582,257048,3181921,279013
Developer-bugarach,74de1c4b-4a86-4e59-9bfe-d950aadd4d0a,2026-08-14T17:20:36.585Z,,,59,37420,25857,485521,5529362,523059
Developer-bugarach,74de1c4b-4a86-4e59-9bfe-d950aadd4d0a,2026-08-14T17:20:36.585Z,,,78,42811,23383,349334,6744897,407077
Developer-bugarach,74de1c4b-4a86-4e59-9bfe-d950aadd4d0a,2026-08-14T17:20:36.585Z,,,28,17419,9409,134566,908824,152041
Developer-bugarach,74de1c4b-4a86-4e59-9bfe-d950aadd4d0a,2026-08-14T17:20:36.585Z,,,59,25177,15498,191419,2832046,221535
Developer-bugarach,74de1c4b-4a86-4e59-9bfe-d950aadd4d0a,2026-08-14T17:20:36.585Z,,,12,11975,6090,66102,235738,78101
Developer-bugarach,0d964231-6072-4d10-a0d4-8233783388b2,2026-08-17T22:02:42.791Z,,,15,11249,10020,112024,352952,123301
Developer-bugarach,0d964231-6072-4d10-a0d4-8233783388b2,2026-08-17T22:02:42.791Z,,,37,7933,3377,246735,1607133,254740
Developer-bugarach,0d964231-6072-4d10-a0d4-8233783388b2,2026-08-17T22:02:42.791Z,,,28,12287,8233,164682,1049463,177023
Developer-bugarach,0d964231-6072-4d10-a0d4-8233783388b2,2026-08-17T22:02:42.791Z,,,12,6138,5234,68413,254152,74573
Developer-bugarach,0d964231-6072-4d10-a0d4-8233783388b2,2026-08-17T22:02:42.791Z,,,8,11590,10894,67018,136235,78622
Developer-bugarach,0d964231-6072-4d10-a0d4-8233783388b2,2026-08-17T22:02:42.791Z,,,18,5949,619,91038,445780,97021
Developer-bugarach,0d964231-6072-4d10-a0d4-8233783388b2,2026-08-17T22:02:42.791Z,,,40,7277,2339,218833,1929653,230748
Developer-bugarach,0d964231-6072-4d10-a0d4-8233783388b2,2026-08-17T22:02:42.791Z,,,37,7568,4299,128325,1302276,165005
Developer-bugarach,0d964231-6072-4d10-a0d4-8233783388b2,2026-08-17T22:02:42.791Z,,,37,5346,1656,199539,1500447,204957
Developer-bugarach,0d964231-6072-4d10-a0d4-8233783388b2,2026-08-17T22:02:42.791Z,,,20,4068,1576,138757,569496,142863
Developer-bugarach,0d964231-6072-4d10-a0d4-8233783388b2,2026-08-17T22:02:42.791Z,,,32,15694,12469,222160,1635340,237916
Developer-colonel-kernel,e7eea5eb-f956-4d95-9228-73c3d1c46291,2026-08-22T21:12:02.482Z,,,22,12323,6353,108699,721709,121066
Developer-colonel-kernel,e7eea5eb-f956-4d95-9228-73c3d1c46291,2026-08-22T21:12:02.482Z,,,49,19248,9285,112101,2086312,131447
Developer-colonel-kernel,e7eea5eb-f956-4d95-9228-73c3d1c46291,2026-08-22T21:12:02.482Z,,,41,21627,10486,161720,1601139,183429
Developer-colonel-kernel,e7eea5eb-f956-4d95-9228-73c3d1c46291,2026-08-22T21:12:02.482Z,,,54,23463,11729,203964,2794512,227535
Developer-colonel-kernel,e7eea5eb-f956-4d95-9228-73c3d1c46291,2026-08-22T21:12:02.482Z,,,38,18625,10495,144814,1505312,163515
Developer-colonel-kernel,e7eea5eb-f956-4d95-9228-73c3d1c46291,2026-08-22T21:12:02.482Z,,,36,14757,6625,103380,1337047,118209
Developer-colonel-kernel,e7eea5eb-f956-4d95-9228-73c3d1c46291,2026-08-22T21:12:02.482Z,,,34,14670,7893,138568,1284650,153306
Developer-colonel-kernel,e7eea5eb-f956-4d95-9228-73c3d1c46291,2026-08-22T21:12:02.482Z,,,91,34101,15415,273545,5076396,307828
Developer-colonel-kernel,e7eea5eb-f956-4d95-9228-73c3d1c46291,2026-08-22T21:12:02.482Z,,,71,42532,10822,178006,4579641,220680
Developer-colonel-kernel,e7eea5eb-f956-4d95-9228-73c3d1c46291,2026-08-22T21:12:02.482Z,,,39,11699,4430,88697,1331614,100474
Developer-colonel-kernel,e7eea5eb-f956-4d95-9228-73c3d1c46291,2026-08-22T21:12:02.482Z,,,33,17627,10396,118287,1264332,135980
Developer-murderboard,79c34fe1-e6ae-4e45-9793-b30082b6959c,2026-08-24T15:23:42.870Z,,,141,76334,32578,348496,13812699,425112
Developer-murderboard,79c34fe1-e6ae-4e45-9793-b30082b6959c,2026-08-24T15:23:42.870Z,,,46,25923,7888,123069,1887029,149084
Developer-murderboard,79c34fe1-e6ae-4e45-9793-b30082b6959c,2026-08-24T15:23:42.870Z,,,45,28054,11127,121732,1884241,149876
Developer-murderboard,79c34fe1-e6ae-4e45-9793-b30082b6959c,2026-08-24T15:23:42.870Z,,,4,23834,12840,26228,71614,50070
Developer-murderboard,79c34fe1-e6ae-4e45-9793-b30082b6959c,2026-08-24T15:23:42.870Z,,,16,19983,11479,56999,448240,77014
Developer-murderboard,79c34fe1-e6ae-4e45-9793-b30082b6959c,2026-08-24T15:23:42.870Z,,,9,18670,10628,62977,235626,81665
Developer-murderboard,79c34fe1-e6ae-4e45-9793-b30082b6959c,2026-08-24T15:23:42.870Z,,,37,19232,9689,110516,1345341,129822
Developer-murderboard,79c34fe1-e6ae-4e45-9793-b30082b6959c,2026-08-24T15:23:42.870Z,,,73,51020,25363,203519,4710441,254685
Developer-murderboard,79c34fe1-e6ae-4e45-9793-b30082b6959c,2026-08-24T15:23:42.870Z,,,4,12997,7010,27214,72600,40219
Developer-murderboard,79c34fe1-e6ae-4e45-9793-b30082b6959c,2026-08-24T15:23:42.870Z,,,87,31982,10904,224529,5075145,256685
Developer-murderboard,79c34fe1-e6ae-4e45-9793-b30082b6959c,2026-08-24T15:23:42.870Z,,,16,18810,11369,67290,501925,86132
Developer-murderboard,b7620242-e782-4b56-ac7b-a389453f20b1,2026-08-28T01:51:47.154Z,1,prove-it,56,26124,13103,160650,3380261,186886
Developer-murderboard,b7620242-e782-4b56-ac7b-a389453f20b1,2026-08-28T01:51:47.154Z,2,doi-or-die,49,14272,6612,128278,2201291,142648
Developer-murderboard,b7620242-e782-4b56-ac7b-a389453f20b1,2026-08-28T01:51:47.154Z,3,cross-examiner,45,23448,13543,160524,2808918,184062
Developer-murderboard,b7620242-e782-4b56-ac7b-a389453f20b1,2026-08-28T01:51:47.154Z,4,reviewer-2,31,16534,8664,88530,1360590,105126
Developer-murderboard,b7620242-e782-4b56-ac7b-a389453f20b1,2026-08-28T01:51:47.154Z,5,kill-your-darlings,41,16464,8282,91574,1728329,108120
Developer-murderboard,b7620242-e782-4b56-ac7b-a389453f20b1,2026-08-28T01:51:47.154Z,6,rtfm,40,18929,11043,142669,1852641,161678
Developer-murderboard,b7620242-e782-4b56-ac7b-a389453f20b1,2026-08-28T01:51:47.154Z,7,reinventing-the-wheel,56,27983,15197,138002,3341316,166097
Developer-murderboard,b7620242-e782-4b56-ac7b-a389453f20b1,2026-08-28T01:51:47.154Z,8,you-lost-me,31,21422,13599,128500,1633253,149984
Developer-murderboard,b7620242-e782-4b56-ac7b-a389453f20b1,2026-08-28T01:51:47.154Z,9,show-dont-tell,38,21219,10039,96378,1713465,117673
Developer-murderboard,b7620242-e782-4b56-ac7b-a389453f20b1,2026-08-28T01:51:47.154Z,10,ship-it,95,32644,9246,141949,5398562,174783
Developer-murderboard,b7620242-e782-4b56-ac7b-a389453f20b1,2026-08-28T01:51:47.154Z,11,start-with-the-problem,25,17473,10170,82846,965722,100369
