date,clones,clone_uniques,views,view_uniques,ci_runs,ci_jobs
2026-08-12,0,0,0,0,0,0
2026-08-13,1,1,0,0,0,0
2026-08-14,0,0,0,0,0,0
2026-08-15,0,0,0,0,0,0
2026-08-16,0,0,0,0,0,0
2026-08-17,0,0,0,0,0,0
2026-08-18,1,1,0,0,0,0
2026-08-19,2,1,0,0,0,0
2026-08-20,0,0,0,0,0,0
2026-08-21,21,10,10,1,3,12
2026-08-22,13,6,0,0,2,8
2026-08-23,66,20,10,1,11,44
2026-08-24,56,14,0,0,9,36
2026-08-25,189,46,1,1,36,136
2026-08-26,132,44,0,0,22,80
2026-08-27,24,6,0,0,10,23
2026-08-28,45,9,0,0,12,41
2026-08-29,13,4,1,1,4,10
2026-08-30,12,3,0,0,5,11
2026-08-31,9,5,0,0,1,1
2026-09-01,71,18,4,2,8,36
2026-09-02,15,5,0,0,1,1
